link,url,latitude,longitude,isNotObservatory,Type
Arecibo Observatory,/wiki/Arecibo_Observatory,18.34417,-66.75278,FALSE,Visible
Abastumani Astrophysical Observatory,/wiki/Georgian_National_Astrophysical_Observatory,41.75417,42.81944,FALSE,Visible
Abastumani,/wiki/Abastumani,41.7525,42.83194,TRUE,
Shiraz University,/wiki/Shiraz_University,29.6397417,52.52675,FALSE,Visible
Adolphson Observatory,/wiki/Adolphson_Observatory,40.9128,-90.6393,FALSE,Visible
Airdrie Public Observatory,/wiki/Airdrie_Public_Observatory,55.86556,-3.98278,FALSE,Visible
Airdrie,"/wiki/Airdrie,_North_Lanarkshire",55.86,-3.98,TRUE,
Aker Observatory,/wiki/Aker_Observatory,32.7993,-109.72822,FALSE,Visible
"Safford, Arizona","/wiki/Safford,_Arizona",32.82333,-109.71472,TRUE,
Aldershot Observatory,/wiki/Aldershot_Observatory,51.2588,-0.7632,FALSE,Visible
Aldershot,/wiki/Aldershot,51.248,-0.758,TRUE,
Algonquin Radio Observatory,/wiki/Algonquin_Radio_Observatory,45.9555,-78.073,FALSE,Radio
Algonquin Provincial Park,/wiki/Algonquin_Provincial_Park,45.58417,-78.35833,TRUE,
Allegheny Observatory,/wiki/Allegheny_Observatory,40.482525,-80.020829,FALSE,Visible
"Pittsburgh, Pennsylvania","/wiki/Pittsburgh,_Pennsylvania",40.43972,-79.97639,TRUE,
Ametlla de Mar Observatory,/wiki/Ametlla_de_Mar_Observatory,40.9289333,0.79125,FALSE,Visible
AMiBA,/wiki/AMiBA,19.536194,-155.575278,FALSE,Radio
Mauna Loa,/wiki/Mauna_Loa,19.479528,-155.602667,TRUE,
Hawaii,/wiki/Hawaii,21.31139,-157.79639,TRUE,
Anderson Mesa Station,/wiki/Anderson_Mesa_Station,35.09694,-111.53583,FALSE,Visible
"Flagstaff, Arizona","/wiki/Flagstaff,_Arizona",35.19917,-111.63111,TRUE,
Angell Hall Observatory,/wiki/Angell_Hall_Observatory,42.2767,-83.7399,FALSE,Visible
Ankara University Observatory,/wiki/Ankara_University_Observatory,39.84361,32.77722,FALSE,Visible
Antarctica,/wiki/Antarctica,-69.35778,-2.24722,TRUE,
Antarctic Submillimeter Telescope and Remote Observatory,/wiki/Antarctic_Submillimeter_Telescope_and_Remote_Observatory,-89.9944,-45.8833,FALSE,Microwave
Antarctica,/wiki/Antarctica,-69.35778,-2.24722,TRUE,
ANTARES (telescope),/wiki/ANTARES_(telescope),42.8,6.167,FALSE,Neutrino
Apache Point Observatory,/wiki/Apache_Point_Observatory,32.78028,-105.82028,FALSE,Visible
"Sunspot, New Mexico","/wiki/Sunspot,_New_Mexico",32.791,-105.818,TRUE,
Apollo Observatory,/wiki/Apollo_Observatory,39.788823,-84.201794,FALSE,Visible
Arcetri Observatory,/wiki/Arcetri_Observatory,43.750595,11.254426,FALSE,Visible
Arcetri,/wiki/Arcetri,43.75485,11.2518,TRUE,
Arecibo Observatory,/wiki/Arecibo_Observatory,18.34417,-66.75278,FALSE,Radio
"Arecibo, Puerto Rico","/wiki/Arecibo,_Puerto_Rico",18.375,-66.625,TRUE,
Argentine Institute of Radio Astronomy,/wiki/Argentine_Institute_of_Radio_Astronomy,-34.867,-58.14,FALSE,Radio
Armagh Observatory,/wiki/Armagh_Observatory,54.3532,-6.65,FALSE,Visible
Armagh,/wiki/Armagh,54.3499,-6.6546,TRUE,
Aryabhatta Research Institute of Observational Sciences,/wiki/Aryabhatta_Research_Institute_of_Observational_Sciences,29.022,79.027,FALSE,Visible
Nainital,/wiki/Nainital,29.395,79.449,TRUE,
Ashton Observatory,/wiki/Ashton_Observatory,41.813359,-93.288211,FALSE,Visible
"Baxter, Iowa","/wiki/Baxter,_Iowa",41.82444,-93.15083,TRUE,
Asiago Observatory,/wiki/Asiago_Observatory,45.8664,11.5264,FALSE,Visible
Asiago,/wiki/Asiago,45.867,11.517,TRUE,
Astronomical Observatory of Lisbon,/wiki/Astronomical_Observatory_of_Lisbon,38.7105389,-9.1875056,FALSE,Visible
Astronomy Centre,/wiki/Astronomy_Centre,53.71132,-2.1545,FALSE,Visible
Astrophysical Institute Potsdam,/wiki/Astrophysical_Institute_Potsdam,52.405,13.10417,FALSE,Visible
Atacama Pathfinder Experiment (APEX),/wiki/Atacama_Pathfinder_Experiment,-23.0058,-67.7592,FALSE,Microwave
Llano de Chajnantor Observatory,/wiki/Llano_de_Chajnantor_Observatory,-23.0228,-67.755,FALSE,Visible
Chile,/wiki/Chile,-30,-71,TRUE,
Australia Telescope Compact Array,/wiki/Australia_Telescope_Compact_Array,-30.31277778,149.5502778,FALSE,Visible
Narrabri,/wiki/Narrabri,-30.31667,149.76667,TRUE,
Australian Astronomical Observatory,/wiki/Australian_Astronomical_Observatory,-31.2767,149.0667,FALSE,Visible
Coonabarabran,/wiki/Coonabarabran,-31.25,149.267,TRUE,
Big Bear Lake Solar Observatory,/wiki/Big_Bear_Lake_Solar_Observatory,34.2583,-116.921,FALSE,Solar
Bosscha Observatory,/wiki/Bosscha_Observatory,-6.82444,107.61556,FALSE,Visible
Badlands Observatory,/wiki/Badlands_Observatory,43.99083,-102.13056,FALSE,Visible
"Quinn, South Dakota","/wiki/Quinn,_South_Dakota",43.9875,-102.12722,TRUE,
Baikal Deep Underwater Neutrino Telescope,/wiki/Baikal_Deep_Underwater_Neutrino_Telescope,51.77139,104.39778,FALSE,Visible
Baikal Lake,/wiki/Baikal_Lake,53.5,108,TRUE,
Baker Observatory,/wiki/Baker_Observatory,37.39889,-93.04167,FALSE,Visible
Baksan Neutrino Observatory,/wiki/Baksan_Neutrino_Observatory,43.27556,42.69028,FALSE,Neutrino
Ball State University Observatory,/wiki/Ball_State_University_Observatory,40.1999,-85.4113,FALSE,Visible
"Muncie, Indiana","/wiki/Muncie,_Indiana",40.19333,-85.38806,TRUE,
Barnard Observatory,/wiki/Barnard_Observatory,34.366,-89.534,FALSE,Visible
"Oxford, Mississippi","/wiki/Oxford,_Mississippi",34.35972,-89.52611,TRUE,
Bareket observatory israel,/wiki/Bareket_observatory_israel,31.888189,35.031694,FALSE,Visible
Bayfordbury Observatory,/wiki/Bayfordbury_Observatory,51.775,-0.09444,FALSE,Visible
UK,/wiki/United_Kingdom,51.5,-0.117,TRUE,
Behlen Observatory,/wiki/Behlen_Observatory,41.17083,-96.44667,FALSE,Visible
Beijing,/wiki/Beijing,39.917,116.383,TRUE,
Beijing Ancient Observatory,/wiki/Beijing_Ancient_Observatory,39.9061,116.4281,FALSE,Visible
Beijing,/wiki/Beijing,39.917,116.383,TRUE,
Belgrade Observatory,/wiki/Belgrade_Observatory,44.80361,20.508,FALSE,Visible
Belogradchik Observatory,/wiki/Belogradchik_Observatory,43.62278,22.675,FALSE,Visible
Belogradchik,/wiki/Belogradchik,43.6252655,22.6861989,TRUE,
Benmore Peak Observatory,/wiki/Benmore_Peak,-44.4172,170.094,FALSE,Visible
Mackenzie Basin,/wiki/Mackenzie_Basin,-44.06,170.45,TRUE,
Bergisch Gladbach Observatory,/wiki/Bergisch_Gladbach_Observatory,51.08761,7.48578,FALSE,Visible
Berlin Observatory,/wiki/Berlin_Observatory,52.50389,13.39417,FALSE,Visible
Burrell Memorial Observatory,/wiki/Burrell_Memorial_Observatory,41.3754,-81.8513,FALSE,Visible
Besançon Observatory,/wiki/Besan%C3%A7on_Observatory,47.2469,5.9897,FALSE,Visible
Besançon,/wiki/Besan%C3%A7on,47.24,6.02,TRUE,
Big Bear Lake Solar Observatory,/wiki/Big_Bear_Lake_Solar_Observatory,34.2583,-116.921,FALSE,Visible
"Big Bear City, California","/wiki/Big_Bear_City,_California",34.26111,-116.845,TRUE,
Bisdee Tier Optical Astronomy Observatory,/wiki/Bisdee_Tier_Optical_Astronomy_Observatory,-42.4311,147.2878,FALSE,Visible
Black Moshannon Observatory,/wiki/Black_Moshannon_Observatory,40.922,-78.005,FALSE,Visible
Blue Mesa Observatory,/wiki/Blue_Mesa_Observatory,32.4917,-107.1666,FALSE,Visible
New Mexico,/wiki/New_Mexico,34,-106,TRUE,
BOOTES,/wiki/BOOTES,37.0995,-6.73747,FALSE,Visible
Bordeaux Observatory,/wiki/Bordeaux_Observatory,44.8349,-0.526,FALSE,Visible
Floirac,"/wiki/Floirac,_Gironde",44.8375,-0.5247,TRUE,
Bosscha Observatory,/wiki/Bosscha_Observatory,-6.82444,107.61556,FALSE,Visible
Boswell Observatory,/wiki/Boswell_Observatory,40.7199083,-96.9511,FALSE,Visible
Bowman Observatory,/wiki/Bowman_Observatory,41.032389,-73.62111,FALSE,Visible
Boyden Observatory,/wiki/Boyden_Observatory,-29.0388306,26.404722,FALSE,Visible
South Africa,/wiki/South_Africa,-30,25,TRUE,
Bradstreet Observatory,/wiki/Bradstreet_Observatory,40.05028,-75.36889,FALSE,Visible
Bradley Observatory,/wiki/Bradley_Observatory,33.7652333,-84.2941611,FALSE,Visible
Braeside Observatory,/wiki/Braeside_Observatory,35.19167,-111.74833,FALSE,Visible
"Flagstaff, Arizona","/wiki/Flagstaff,_Arizona",35.19917,-111.63111,TRUE,
Brera Observatory,/wiki/Brera_Observatory,45.4714,9.1894,FALSE,Visible
Milan,/wiki/Milan,45.467,9.183,TRUE,
Brooks Observatory,/wiki/Brooks_Observatory,41.667,-83,FALSE,Visible
Brooks Astronomical Observatory,/wiki/Brooks_Astronomical_Observatory,43.5875,-84.77444,FALSE,Visible
Brorfelde Observatory,/wiki/Brorfelde_Observatory,55.624661,11.664739,FALSE,Visible
Bucknell Observatory,/wiki/Bucknell_Observatory,40.951317,-76.883217,FALSE,Visible
Byurakan Observatory,/wiki/Byurakan_Observatory,40.33083,44.26833,FALSE,Visible
Mount Aragats,/wiki/Mount_Aragats,40.53333,44.2,TRUE,
Cerro Tololo Inter-American Observatory,/wiki/Cerro_Tololo_Inter-American_Observatory,-30.1696611,-70.806525,FALSE,Visible
Cagigal Observatory,/wiki/Cagigal_Observatory,10.50361,-66.92889,FALSE,Visible
Caracas,/wiki/Caracas,10.48056,-66.90361,TRUE,
Cagliari Observatory,/wiki/Cagliari_Observatory,39.13653,8.97278,TRUE,
Cagliari,/wiki/Cagliari,39.22778,9.11111,TRUE,
Sardinia,/wiki/Sardinia,40,9,FALSE,Visible
Calais Observatory,/wiki/Calais_Observatory,45.1847639,-67.2807611,FALSE,Visible
"Calais, Maine","/wiki/Calais,_Maine",45.16611,-67.2425,TRUE,
Calar Alto Observatory,/wiki/Calar_Alto_Observatory,37.22361,-2.54611,FALSE,Visible
Caltech Submillimeter Observatory,/wiki/Caltech_Submillimeter_Observatory,19.8225,-155.476,FALSE,Microwave
Mauna Kea,/wiki/Mauna_Kea,19.82066408,-155.4680664,TRUE,
Hawaii,/wiki/Hawaii,21.31139,-157.79639,TRUE,
Campbelltown Rotary Observatory,/wiki/UWS_Rotary_Observatory,-34.07,150.8,FALSE,Visible
Canopus Hill Observatory,/wiki/Canopus_Hill_Observatory,-42.8475,147.43278,FALSE,Visible
Capilla Peak Observatory,/wiki/Capilla_Peak_Observatory,34.70667,-106.40861,FALSE,Visible
Capodimonte Observatory,/wiki/Capodimonte_Observatory,40.86286,14.25506,FALSE,Visible
Naples,/wiki/Naples,40.833,14.25,TRUE,
Carter Observatory,/wiki/Carter_Observatory,-41.28437,174.76697,FALSE,Visible
Catania Astrophysical Observatory,/wiki/Catania_Astrophysical_Observatory,37.5288083,15.0714944,FALSE,Visible
Catania,/wiki/Catania,37.5,15.09028,TRUE,
Cawthron Atkinson Observatory,/wiki/Cawthron_Atkinson_Observatory,-41.2253,173.3216,FALSE,Visible
Celestial Observatory,/wiki/Celestial_Observatory,35.29528,-93.13639,FALSE,Visible
Centennial Observatory,/wiki/Herrett_Observatory,42.58389,-114.47028,FALSE,Visible
Cerro Armazones Observatory,/wiki/Cerro_Armazones_Observatory,-24.59867,-70.20128,FALSE,Visible
Atacama Desert,/wiki/Atacama_Desert,-24.5,-69.25,TRUE,
Chile,/wiki/Chile,-30,-71,FALSE,Visible
Cerro Tololo Inter-American Observatory,/wiki/Cerro_Tololo_Inter-American_Observatory,-30.1696611,-70.806525,FALSE,Visible
Atacama Desert,/wiki/Atacama_Desert,-24.5,-69.25,TRUE,
Chile,/wiki/Chile,-30,-71,TRUE,
Cerro Pachón Observatory,/wiki/Cerro_Pach%C3%B3n,-30.240722,-70.736583,FALSE,Visible
Atacama Desert,/wiki/Atacama_Desert,-24.5,-69.25,TRUE,
Chile,/wiki/Chile,-30,-71,TRUE,
Chabot Space & Science Center,/wiki/Chabot_Space_%26_Science_Center,37.81861,-122.18056,FALSE,Visible
Chamberlin Observatory,/wiki/Chamberlin_Observatory,39.67611,-104.95306,FALSE,Visible
Chico Community Observatory,/wiki/Chico_Community_Observatory,39.771171,-121.782745,FALSE,Visible
"Chico, California","/wiki/Chico,_California",39.74,-121.83556,TRUE,
Cincinnati Observatory,/wiki/Cincinnati_Observatory,39.139,-84.423,FALSE,Visible
"Cincinnati, Ohio","/wiki/Cincinnati,_Ohio",39.1,-84.517,TRUE,
"City Observatory, Edinburgh","/wiki/City_Observatory,_Edinburgh",55.95472,-3.18333,FALSE,Visible
Clarke Observatory,/wiki/Clarke_Observatory,40.9039,-81.10637,FALSE,Visible
Class of 1951 Observatory,/wiki/Class_of_1951_Observatory,41.683011,-73.890604,FALSE,Visible
"Poughkeepsie, New York","/wiki/Poughkeepsie_(town),_New_York",41.67111,-73.90694,TRUE,
Cloudcroft Observatory,/wiki/Cloudcroft_Observatory,32.9795,-105.7336,FALSE,Visible
New Mexico,/wiki/New_Mexico,34,-106,TRUE,
Paisley,"/wiki/Paisley,_Renfrewshire",55.846627,-4.423636,FALSE,Visible
Coit Observatory,/wiki/Coit_Observatory,42.35025,-71.1053722,FALSE,Visible
Collins Observatory,/wiki/Collins_Observatory,42.11803,-77.07768,FALSE,Visible
Colombo University Observatory,/wiki/Colombo_University_Observatory,6.90143,79.86139,FALSE,Visible
ÇOMÜ Ulupinar Observatory,/wiki/%C3%87OM%C3%9C_Ulup%C4%B1nar_Observatory,40.09917,26.47472,FALSE,Visible
Concordia College Observatory,/wiki/Concordia_College_Observatory,46.86528,-96.77,FALSE,Visible
Consell Observatory,/wiki/Consell_Observatory,39.65361,2.8225,FALSE,Visible
Copenhagen University Observatory,/wiki/Copenhagen_University_Observatory,55.686883,12.575919,FALSE,Visible
Copenhagen,/wiki/Copenhagen,55.67611,12.56833,TRUE,
Cordell–Lorenz Observatory,/wiki/Cordell%E2%80%93Lorenz_Observatory,35.20444,-85.92,FALSE,Visible
Llano de Chajnantor Observatory,/wiki/Llano_de_Chajnantor_Observatory,-23.0228,-67.755,FALSE,Visible
Chile,/wiki/Chile,-30,-71,TRUE,
Côte d'Azur Observatory,/wiki/C%C3%B4te_d%27Azur_Observatory,43.72333,7.30167,FALSE,Visible
Crane Observatory,/wiki/Crane_Observatory,39.035972,-95.698889,FALSE,Visible
Crawford Observatory,/wiki/Crawford_Observatory,51.89253,-8.49229,FALSE,Visible
Creighton University Observatory,/wiki/Creighton_University_Observatory,41.266098,-95.9474391,FALSE,Visible
Crimean Astrophysical Observatory,/wiki/Crimean_Astrophysical_Observatory,44.72667,34.015861,FALSE,Visible
Nauchnyj,/wiki/Nauchnyj,44.72667,34.015861,TRUE,
Crni Vrh Observatory,/wiki/%C4%8Crni_Vrh_Observatory,45.94667,14.07361,FALSE,Visible
Idrija,/wiki/Idrija,46.0013167,14.0221083,TRUE,
Cupillari Observatory,/wiki/Cupillari_Observatory,41.5965,-75.678,FALSE,Visible
Custer Observatory,/wiki/Custer_Observatory,41.0519,-72.4345,FALSE,Visible
David Dunlap Observatory,/wiki/David_Dunlap_Observatory,43.86222,-79.4225,FALSE,Visible
Daniel S. Schanck Observatory,/wiki/Daniel_S._Schanck_Observatory,40.499361,-74.44528,FALSE,Visible
Rutgers University,/wiki/Rutgers_University,40.50167,-74.44806,FALSE,Visible
Dark Sky Observatory,/wiki/Dark_Sky_Observatory,36.2514,-81.4121,FALSE,Visible
Darling's Observatory,/wiki/Darling%27s_Observatory,46.77972,-92.11306,FALSE,Visible
"Duluth, Minnesota","/wiki/Duluth,_Minnesota",46.7869389,-92.098194,TRUE,
Dearborn Observatory,/wiki/Dearborn_Observatory,42.0567,-87.675,FALSE,Visible
Detroit Observatory,/wiki/Detroit_Observatory,42.28167,-83.73167,FALSE,Visible
David Dunlap Observatory,/wiki/David_Dunlap_Observatory,43.86222,-79.4225,FALSE,Visible
"Richmond Hill, Ontario","/wiki/Richmond_Hill,_Ontario",43.867,-79.433,TRUE,
Dome C,/wiki/Dome_C,-75.1,123.35,FALSE,Visible
Antarctica,/wiki/Antarctica,-69.35778,-2.24722,TRUE,
Dominion Observatory,/wiki/Dominion_Observatory,45.393591,-75.714329,FALSE,Visible
Dominion Astrophysical Observatory,/wiki/Dominion_Astrophysical_Observatory,48.520286,-123.418147,FALSE,Visible
"Saanich, British Columbia","/wiki/Saanich,_British_Columbia",48.484,-123.381,TRUE,
Dominion Radio Astrophysical Observatory,/wiki/Dominion_Radio_Astrophysical_Observatory,49.321,-119.624,FALSE,Radio
Okanagan Falls,/wiki/Okanagan_Falls,49.35,-119.56667,TRUE,
Dunsink Observatory,/wiki/Dunsink_Observatory,53.387056,-6.337547,FALSE,Visible
Dyer Observatory,/wiki/Dyer_Observatory,36.05222,-86.805,FALSE,Visible
Effelsberg 100-m Radio Telescope,/wiki/Effelsberg_100-m_Radio_Telescope,50.5247,6.8828,FALSE,Radio
Effelsberg 100-m Radio Telescope,/wiki/Effelsberg_100-m_Radio_Telescope,50.5247,6.8828,TRUE,
Ege University Observatory,/wiki/Ege_University_Observatory,38.39833,27.26833,FALSE,Visible
Kemalpasa,/wiki/Kemalpa%C5%9Fa,38.42778,27.41611,TRUE,
Elginfield Observatory,/wiki/Elginfield_Observatory,43.1924,-81.3158,FALSE,Visible
"Middlesex Centre, Ontario","/wiki/Middlesex_Centre,_Ontario",43.05,-81.45,TRUE,
Sterling Hill Mining Museum,/wiki/Sterling_Hill_Mining_Museum,41.08306,-74.60667,FALSE,Visible
Embry-Riddle Observatory,/wiki/Embry-Riddle_Observatory,29.188183,-81.048313,FALSE,Visible
Eskdalemuir Observatory,/wiki/Eskdalemuir_Observatory,55.31222,-3.20611,FALSE,Visible
European Gravitational Observatory,/wiki/European_Gravitational_Observatory,43.631494,10.501847,FALSE,Gravitational
Cascina,/wiki/Cascina,43.683,10.55,TRUE,
European Southern Observatory,/wiki/European_Southern_Observatory,48.26,11.67111,FALSE,Visible
La Silla Observatory,/wiki/La_Silla_Observatory,-29.25,-70.73,FALSE,Visible
New Technology Telescope,/wiki/New_Technology_Telescope,-29.25892,-70.73375,FALSE,Visible
Llano de Chajnantor Observatory,/wiki/Llano_de_Chajnantor_Observatory,-23.0228,-67.755,FALSE,Visible
Very Large Telescope,/wiki/Very_Large_Telescope,-24.62733,-70.40417,FALSE,Visible
Paranal Observatory,/wiki/Paranal_Observatory,-24.62722,-70.40417,FALSE,Visible
European Extremely Large Telescope,/wiki/European_Extremely_Large_Telescope,-24.5978,-70.1961,FALSE,Visible
Atacama Desert,/wiki/Atacama_Desert,-24.5,-69.25,TRUE,
Chile,/wiki/Chile,-30,-71,TRUE,
Fabra Observatory,/wiki/Fabra_Observatory,41.41833,2.12417,FALSE,Visible
,/wiki/File:FuertesObservatoryCornell.jpg,42.453012,-76.474153,TRUE,
,/wiki/File:FuertesObservatoryCornell.jpg,42.453012,-76.474153,TRUE,
Fuertes Observatory,/wiki/Fuertes_Observatory,42.45278,-76.4744889,FALSE,Visible
Fabra Observatory,/wiki/Fabra_Observatory,41.41833,2.12417,FALSE,Visible
Barcelona,/wiki/Barcelona,41.383,2.183,TRUE,
Fan Mountain Observatory,/wiki/Fan_Mountain_Observatory,37.8781528,-78.6930333,FALSE,Visible
Five-hundred-meter Aperture Spherical Radio Telescope,/wiki/Five_hundred_meter_Aperture_Spherical_Telescope,25.6532,106.8567,FALSE,Radio
Félix Aguilar Observatory,/wiki/F%C3%A9lix_Aguilar_Observatory,-31.8023,-69.3265,FALSE,Visible
Fernbank Observatory,/wiki/Fernbank_Observatory,33.77889,-84.31806,FALSE,Visible
Fick Observatory,/wiki/Fick_Observatory,42.005611,-93.943944,FALSE,Visible
"Boone, Iowa","/wiki/Boone,_Iowa",42.06111,-93.88611,TRUE,
Five College Radio Astronomy Observatory,/wiki/Five_College_Radio_Astronomy_Observatory,42.391925,-72.3440972,FALSE,Visible
"New Salem, Massachusetts","/wiki/New_Salem,_Massachusetts",42.50417,-72.3325,TRUE,
Flarestar Observatory,/wiki/Flarestar_Observatory,35.91028,14.46972,FALSE,Visible
Foggy Bottom Observatory,/wiki/Foggy_Bottom_Observatory,42.8165095,-75.5325682,FALSE,Visible
Foothill Observatory,/wiki/Foothill_Observatory,37.363125,-122.1315139,FALSE,Visible
Ford Observatory,/wiki/Clinton_B._Ford_Observatory,42.4175333,-76.494075,FALSE,Visible
Fox Observatory,/wiki/Fox_Observatory,26.129306,-80.359917,FALSE,Visible
Fox Park Public Observatory,/wiki/Fox_Park_Public_Observatory,42.640136,-84.747447,FALSE,Visible
Francis Marion University Observatory,/wiki/Francis_Marion_University_Observatory,34.185111,-79.651778,FALSE,Visible
Fred Lawrence Whipple Observatory,/wiki/Fred_Lawrence_Whipple_Observatory,31.6811,-110.878,FALSE,Visible
"Mount Hopkins, Arizona",/wiki/Mount_Hopkins_(Arizona),31.6884218,-110.8853648,TRUE,
Fremont Peak Observatory,/wiki/Fremont_Peak_Observatory,36.760222,-121.498722,FALSE,Visible
Frosty Drew Observatory,/wiki/Frosty_Drew_Observatory,41.36722,-71.66361,FALSE,Visible
"Charlestown, Rhode Island","/wiki/Charlestown,_Rhode_Island",41.38528,-71.66806,TRUE,
Fuertes Observatory,/wiki/Fuertes_Observatory,42.45278,-76.4744889,FALSE,Visible
Griffith Observatory,/wiki/Griffith_Observatory,34.11856,-118.30037,FALSE,Visible
Caltech,/wiki/Caltech,34.138,-118.125,TRUE,
JPL,/wiki/JPL,34.201694,-118.17167,TRUE,
Gaocheng Astronomical Observatory,/wiki/Gaocheng_Astronomical_Observatory,34.49611,113.09722,FALSE,Radio
Dengfeng,/wiki/Dengfeng,34.45528,113.02528,TRUE,
Henan,/wiki/Henan,33.9,113.5,TRUE,
Gauribidanur Radio Observatory,/wiki/Gauribidanur_Radio_Observatory,13.6,77.43,FALSE,Radio
Gemini Observatory,/wiki/Gemini_Observatory,19.82396,-155.46984,FALSE,Visible
La Serena,"/wiki/La_Serena,_Chile",-29.9,-71.25,FALSE,Visible
Chile,/wiki/Chile,-30,-71,TRUE,
Giant Meterwave Radio Telescope (GMRT),/wiki/Giant_Meterwave_Radio_Telescope,19.096517,74.049742,FALSE,Radio
Gifford Observatory,/wiki/Gifford_Observatory,-41.3051,174.7831,FALSE,Visible
Girawali Observatory,/wiki/Girawali_Observatory,19.083,73.667,FALSE,Visible
Glen D. Riley Observatory,/wiki/Glen_D._Riley_Observatory,41.7007,-88.1588,FALSE,Visible
Godlee Observatory,/wiki/Godlee_Observatory,53.4761444,-2.2326444,FALSE,Visible
Goodsell Observatory,/wiki/Goodsell_Observatory,44.46194,-93.1525,FALSE,Visible
Goethe Link Observatory,/wiki/Goethe_Link_Observatory,39.55,-86.395,FALSE,Visible
"Brooklyn, Indiana","/wiki/Brooklyn,_Indiana",39.54139,-86.37,TRUE,
Goldendale Observatory,/wiki/Goldendale_Observatory_State_Park,45.83889,-120.81528,FALSE,Visible
"Goldendale, Washington","/wiki/Goldendale,_Washington",45.817,-120.817,FALSE,Visible
Gornergrat (HFSJG),/wiki/Gornergrat_Infrared_Telescope,45.9834,7.7836,FALSE,Visible
Gornergrat,/wiki/Gornergrat,45.98333,7.78472,TRUE,
Gran Telescopio Canarias,/wiki/Gran_Telescopio_Canarias,28.75661,-17.89203,FALSE,Visible
Canary Islands,/wiki/Canary_Islands,28.1,-15.4,TRUE,
Grant O. Gale Observatory,/wiki/Grant_O._Gale_Observatory,41.7566694,-92.72,FALSE,Visible
Green Bank Telescope,/wiki/Green_Bank_Telescope,38.43305556,-79.83972222,FALSE,Radio
"Green Bank, West Virginia","/wiki/Green_Bank,_West_Virginia",38.42,-79.83139,TRUE,
Green Point Observatory,/wiki/Green_Point_Observatory,-34.00181,151.07326,FALSE,Visible
Grenfell Observatory,/wiki/Grenfell_Campus,48.94009,-57.9322,FALSE,Visible
Griffith Observatory,/wiki/Griffith_Observatory,34.11856,-118.30037,FALSE,Visible
Guillermo Haro Observatory,/wiki/Guillermo_Haro_Observatory,31.05278,-110.38472,FALSE,Visible
Sonora,/wiki/Sonora,29.64611,-110.86889,TRUE,
Haleakala Observatory,/wiki/Haleakala_Observatory,20.7083,-156.2571,FALSE,Visible
"Maui, Hawaii","/wiki/Maui,_Hawaii",20.8,-156.333,TRUE,
Hamburg Observatory,/wiki/Hamburg_Observatory,53.48,10.241,FALSE,Visible
Hat Creek Radio Observatory,/wiki/Hat_Creek_Radio_Observatory,40.8178,-121.473,FALSE,Radio
"Shasta County, California","/wiki/Shasta_County,_California",40.76,-122.04,TRUE,
Hard Labor Creek Observatory,/wiki/Hard_Labor_Creek_Observatory,33.67111,-83.59389,FALSE,Visible
Hartung–Boothroyd Observatory,/wiki/Hartung%E2%80%93Boothroyd_Observatory,42.458225,-76.3846083,FALSE,Visible
Hartebeesthoek Radio Astronomy Observatory,/wiki/Hartebeesthoek_Radio_Astronomy_Observatory,-25.88722,27.68472,FALSE,Radio
South Africa,/wiki/South_Africa,-30,25,TRUE,
Harvard College Observatory,/wiki/Harvard_College_Observatory,42.38146,-71.12837,FALSE,Visible
"Cambridge, Massachusetts","/wiki/Cambridge,_Massachusetts",42.37361,-71.11056,FALSE,Visible
Harvard–Smithsonian Center for Astrophysics,/wiki/Harvard%E2%80%93Smithsonian_Center_for_Astrophysics,42.38146,-71.12837,FALSE,Visible
"Cambridge, Massachusetts","/wiki/Cambridge,_Massachusetts",42.37361,-71.11056,FALSE,Visible
Haute-Provence Observatory,/wiki/Haute-Provence_Observatory,43.93083333,5.713333333,FALSE,Visible
Haystack Observatory,/wiki/Haystack_Observatory,42.6233,-71.4882,FALSE,Visible
Hector J Robinson Observatory,/wiki/Hector_J_Robinson_Observatory,42.24583,-83.18694,FALSE,Visible
Helmos Observatory,/wiki/Helmos_Observatory,37.9857,22.1983,FALSE,Visible
Helsinki University Observatory,/wiki/Helsinki_University_Observatory,60.16167,24.955,FALSE,Visible
Herrett Observatory,/wiki/Herrett_Observatory,42.58389,-114.47028,FALSE,Visible
Hidden Valley Observatory,/wiki/Hidden_Valley_Observatory,44.10833,-103.2975,FALSE,Visible
Highland Road Park Observatory,/wiki/Highland_Road_Park_Observatory,30.3460694,-91.0707889,FALSE,Visible
Hirsch Observatory,/wiki/Hirsch_Observatory,42.72838,-73.68039,FALSE,Visible
Hobbs Observatory,/wiki/Hobbs_Observatory,44.81583,-91.27167,FALSE,Visible
Hoher List Observatory,/wiki/Hoher_List_Observatory,50.167,6.85,FALSE,Visible
Holcomb Observatory and Planetarium,/wiki/Holcomb_Observatory_and_Planetarium,39.84139,-86.17139,FALSE,Visible
Hong Kong Observatory,/wiki/Hong_Kong_Observatory,22.3025,114.17417,FALSE,Visible
Tsim Sha Tsui,/wiki/Tsim_Sha_Tsui,22.29389,114.17111,TRUE,
Hong Kong,/wiki/Hong_Kong,22.3,114.2,TRUE,
Hopkins Observatory,/wiki/Hopkins_Observatory,42.71167,-73.20167,FALSE,Visible
Howell Observatory,/wiki/Howell_Observatory,33.464,-88.819,FALSE,Visible
Hradec Králové Observatory,/wiki/Hradec_Kr%C3%A1lov%C3%A9_Observatory,50.17722,15.83917,FALSE,Visible
Huairou Solar Observing Station,/wiki/Huairou_Solar_Observing_Station,40.31583,116.59444,FALSE,Solar
Beijing,/wiki/Beijing,39.917,116.383,TRUE,
Hyde Memorial Observatory,/wiki/Hyde_Memorial_Observatory,40.7778167,-96.636225,FALSE,Visible
Isaac Newton Group of Telescopes,/wiki/Isaac_Newton_Group_of_Telescopes,28.76205556,-17.87763889,FALSE,Visible
Dutch Open Telescope,/wiki/Dutch_Open_Telescope,28.759642,-17.881322,FALSE,Visible
Carlsberg Meridian Telescope,/wiki/Carlsberg_Meridian_Telescope,28.75999,-17.88243,FALSE,Visible
Swedish 1-m Solar Telescope,/wiki/Swedish_Solar_Telescope,28.7597333,-17.8807361,FALSE,Visible
IceCube Neutrino Observatory,/wiki/IceCube_Neutrino_Observatory,-89.99,-63.45306,FALSE,Neutrino
Amundsen–Scott South Pole Station,/wiki/Amundsen%E2%80%93Scott_South_Pole_Station,-90,0,FALSE,Visible
Indian Astronomical Observatory,/wiki/Indian_Astronomical_Observatory,32.77944,78.96417,FALSE,Visible
Hanle,/wiki/Hanle_(village),32.79,79,TRUE,
Canary Islands,/wiki/Canary_Islands,28.1,-15.4,TRUE,
Innsbruck Observatory,/wiki/Innsbruck_Observatory,47.2642,11.3425,FALSE,Visible
IRAM 30m telescope,/wiki/IRAM_30m_telescope,37.066161,-3.392719,FALSE,Radio
Pico Veleta,/wiki/Veleta_(Sierra_Nevada),37.05667,-3.36583,TRUE,
Plateau de Bure Interferometer,/wiki/Plateau_de_Bure_Interferometer,44.63389,5.90792,FALSE,Radio
Iranian National Observatory,/wiki/Iranian_National_Observatory,33.6739,51.3186,FALSE,Visible
Isaac Newton Group of Telescopes,/wiki/Isaac_Newton_Group_of_Telescopes,28.76205556,-17.87763889,FALSE,Visible
La Palma,/wiki/La_Palma,28.667,-17.867,TRUE,
Iso-Heikkilä Observatory,/wiki/Iso-Heikkil%C3%A4_Observatory,60.45205,22.2298,FALSE,Visible
Istanbul University Observatory,/wiki/Istanbul_University_Observatory,41.0125,28.96556,FALSE,Visible
,/wiki/File:Jantar_Mantar_at_Jaipur.jpg,26.9247,75.8248,TRUE,
,/wiki/File:Jantar_Mantar_at_Jaipur.jpg,26.9247,75.8248,TRUE,
Jantar Mantar,/wiki/Jantar_Mantar_(Jaipur),26.9247,75.825,FALSE,Visible
Jaipur,/wiki/Jaipur,26.9,75.8,TRUE,
Jack C. Davis Observatory,/wiki/Jack_C._Davis_Observatory,39.1857,-119.7964,FALSE,Visible
James Clerk Maxwell Telescope,/wiki/James_Clerk_Maxwell_Telescope,19.8228,-155.477,FALSE,Microwave
Mauna Kea,/wiki/Mauna_Kea,19.82066408,-155.4680664,TRUE,
Hawaii,/wiki/Hawaii,21.31139,-157.79639,TRUE,
James Wylie Shepherd Observatory,/wiki/University_of_Montevallo#The_James_Wylie_Shepherd_Observatory,33.10378,-86.86497,FALSE,Visible
Jakarta Observatory,/wiki/Jakarta_Planetarium,-6.189742,106.839431,FALSE,Visible
Jantar Mantar,/wiki/Jantar_Mantar_(Jaipur),26.9247,75.825,FALSE,Visible
Jaipur,/wiki/Jaipur,26.9,75.8,TRUE,
Jena Observatory,/wiki/Jena_Observatory,50.92528,11.58306,FALSE,Visible
Jewett Observatory,/wiki/Jewett_Observatory,46.7286,-117.153,FALSE,Visible
Jodrell Bank Observatory,/wiki/Jodrell_Bank_Observatory,53.23625,-2.307138889,FALSE,Radio
Jones Observatory,/wiki/Jones_Observatory,35.0175,-85.2353,FALSE,Visible
Judson B. Coit Observatory,/wiki/Judson_B._Coit_Observatory,42.35025,-71.1053722,FALSE,Visible
McMath–Pierce Solar Telescope,/wiki/McMath%E2%80%93Pierce_Solar_Telescope,31.9584,-111.595,FALSE,Visible
Kitt Peak National Observatory,/wiki/Kitt_Peak_National_Observatory,31.9583,-111.5967,FALSE,Visible
KAIRA,/wiki/KAIRA,69.070745,20.762076,FALSE,Radio
Tabriz University,/wiki/Tabriz_University,38.06361,46.32861,FALSE,Visible
Tabriz,/wiki/Tabriz,38.067,46.3,TRUE,
Kamioka Observatory,/wiki/Kamioka_Observatory,36.4267,137.3117,FALSE,Neutrino
Hida,"/wiki/Hida,_Gifu",36.233,137.183,TRUE,
Gifu,"/wiki/Gifu,_Gifu",35.417,136.767,TRUE,
Kanzelhoehe Solar Observatory,/wiki/Kanzelhoehe_Solar_Observatory,46.67833,13.90667,FALSE,Solar
Karl Schwarzschild Observatory,/wiki/Karl_Schwarzschild_Observatory,50.980111,11.711167,FALSE,Visible
Keck Observatory,/wiki/Keck_Observatory,19.82636,-155.47501,FALSE,Visible
Mauna Kea,/wiki/Mauna_Kea,19.82066408,-155.4680664,TRUE,
Hawaii,/wiki/Hawaii,21.31139,-157.79639,TRUE,
Keeble Observatory,/wiki/Keeble_Observatory,37.762389,-77.475389,FALSE,Visible
Keele University,/wiki/Keele_University,53.003,-2.273,FALSE,Visible
Kennon Observatory,/wiki/Kennon_Observatory,34.36425,-89.536444,FALSE,Visible
"Oxford, Mississippi","/wiki/Oxford,_Mississippi",34.35972,-89.52611,TRUE,
Kevola Observatory,/wiki/Kevola_Observatory,60.42,22.765,FALSE,Visible
Kielder Observatory,/wiki/Kielder_Observatory,55.23194,-2.61625,FALSE,Visible
Kielder Forest,/wiki/Kielder_Forest,55.208,-2.528,TRUE,
Kirkwood Observatory,/wiki/Kirkwood_Observatory,39.16583,-86.52611,FALSE,Visible
"Bloomington, Indiana","/wiki/Bloomington,_Indiana",39.16222,-86.52917,TRUE,
Kitami Observatory,/wiki/Kitami_Observatory,43.8182,143.9037,FALSE,Visible
Kitt Peak National Observatory,/wiki/Kitt_Peak_National_Observatory,31.9583,-111.5967,FALSE,Visible
"Tucson, Arizona","/wiki/Tucson,_Arizona",32.22167,-110.92639,TRUE,
Klet Observatory,/wiki/Kle%C5%A5_Observatory,48.8636,14.2844,FALSE,Visible
Kodaikanal Solar Observatory,/wiki/Kodaikanal_Solar_Observatory,10.23222,77.46472,FALSE,Solar
Konkoly Observatory,/wiki/Konkoly_Observatory,47.5,18.965,FALSE,Visible
Kopernik Observatory & Science Center,/wiki/Kopernik_Observatory_%26_Science_Center,42.002129,-76.033467,FALSE,Visible
"Vestal, New York","/wiki/Vestal,_New_York",42.08444,-76.05333,TRUE,
KOSMA observatory,/wiki/KOSMA,45.98444,7.78583,FALSE,Microwave
Gornergrat,/wiki/Gornergrat,45.98333,7.78472,TRUE,
Kuffner observatory,/wiki/Kuffner_observatory,48.2125,16.29111,FALSE,Visible
Kuiper Airborne Observatory,/wiki/Kuiper_Airborne_Observatory,37.4214649,-122.047412,FALSE,Visible
Kvistaberg Observatory,/wiki/Kvistaberg_Observatory,59.50167,17.60667,FALSE,Visible
Kyung Hee Observatory,/wiki/Kyung_Hee_Observatory,37.23861,127.08222,FALSE,Visible
Lowell Observatory,/wiki/Lowell_Observatory,35.20278,-111.66444,FALSE,Visible
Observatorio de La Cañada,/wiki/Observatorio_de_La_Ca%C3%B1ada,40.603917,-4.49315,FALSE,Visible
Ladd Observatory,/wiki/Ladd_Observatory,41.83889,-71.39917,FALSE,Visible
"Providence, Rhode Island","/wiki/Providence,_Rhode_Island",41.82361,-71.42222,TRUE,
Lake Afton Public Observatory,/wiki/Lake_Afton_Public_Observatory,37.6222,-97.6269,FALSE,Visible
Lamont–Hussey Observatory,/wiki/Lamont%E2%80%93Hussey_Observatory,-29.0966,26.2362,FALSE,Visible
South Africa,/wiki/South_Africa,-30,25,TRUE,
Landessternwarte Heidelberg-Königstuhl,/wiki/Landessternwarte_Heidelberg-K%C3%B6nigstuhl,49.3981,8.7253417,FALSE,Visible
Königstuhl,/wiki/K%C3%B6nigstuhl_(Odenwald),49.39806,8.72611,FALSE,Visible
La Plata Astronomical Observatory,/wiki/La_Plata_Astronomical_Observatory,-34.908325,-57.9333194,FALSE,Visible
La Plata,/wiki/La_Plata,-34.92111,-57.95444,TRUE,
Argentina,/wiki/Argentina,-34,-64,TRUE,
La Silla Observatory,/wiki/La_Silla_Observatory,-29.25,-70.73,FALSE,Visible
Atacama Desert,/wiki/Atacama_Desert,-24.5,-69.25,TRUE,
Chile,/wiki/Chile,-30,-71,TRUE,
Large Millimeter Telescope,/wiki/Large_Millimeter_Telescope,18.98583333,-97.31472222,FALSE,Radio
Las Brisas Observatory,/wiki/Las_Brisas_Observatory,38.8767,-105.2775,FALSE,Visible
Las Campanas Observatory,/wiki/Las_Campanas_Observatory,-29.0146,-70.6926,FALSE,Visible
"La Serena, Chile","/wiki/La_Serena,_Chile",-29.9,-71.25,TRUE,
Las Cumbres Observatory Global Telescope,/wiki/Las_Cumbres_Observatory_Global_Telescope,34.4327,-119.863,FALSE,Microwave
Laws Observatory,/wiki/Laws_Observatory,38.9438,-92.3228,FALSE,Visible
Leander McCormick Observatory,/wiki/Leander_McCormick_Observatory,38.032833,-78.522333,FALSE,Visible
Mount Jefferson,/wiki/Mount_Jefferson_(Virginia),38.03278,-78.52222,TRUE,
Charlottesville,"/wiki/Charlottesville,_Virginia",38.03,-78.47889,TRUE,
Lee Observatory,/wiki/Lee_Observatory,33.9005444,35.4798028,FALSE,Visible
Leiden Observatory,/wiki/Leiden_Observatory,52.155,4.485,FALSE,Visible
Leiden University,/wiki/Leiden_University,52.156071,4.486949,TRUE,
Leiden,/wiki/Leiden,52.167,4.483,TRUE,
Leoncito Astronomical Complex,/wiki/Leoncito_Astronomical_Complex,-31.7986,-69.2956,FALSE,Visible
Argentina,/wiki/Argentina,-34,-64,TRUE,
Levenhagen Observatory,/wiki/Levenhagen_Observatory,47.43556,-122.27722,FALSE,Visible
Lick Observatory,/wiki/Lick_Observatory,37.34138889,-121.6427778,FALSE,Visible
Mount Hamilton,/wiki/Mount_Hamilton_(California),37.341722,-121.642833,TRUE,
"San Jose, California","/wiki/San_Jose,_California",37.333,-121.9,TRUE,
LightBuckets,/wiki/LightBuckets,31.86083,-109.01556,FALSE,Visible
LIGO,/wiki/LIGO,46.4551444,-119.4076556,FALSE,Gravitational
Hanford Site,/wiki/Hanford_Site,46.6475,-119.59861,TRUE,
Livingston Louisiana,"/wiki/Livingston,_Louisiana",30.49861,-90.74833,FALSE,Visible
Lindheimer Astrophysical Research Center,/wiki/Lindheimer_Astrophysical_Research_Center,42.0595139,-87.670425,FALSE,Visible
Llano de Chajnantor Observatory,/wiki/Llano_de_Chajnantor_Observatory,-23.0228,-67.755,FALSE,Visible
Atacama Desert,/wiki/Atacama_Desert,-24.5,-69.25,TRUE,
Chile,/wiki/Chile,-30,-71,TRUE,
Llano del Hato National Astronomical Observatory,/wiki/Llano_del_Hato_National_Astronomical_Observatory,8.78639,-70.87189,FALSE,Visible
Lockyer Technology Centre,/wiki/Lockyer_Observatory_and_Planetarium,50.68803,-3.219835,FALSE,Radio
Sidmouth,/wiki/Sidmouth,50.68,-3.239,TRUE,
Long Wavelength Array,/wiki/Long_Wavelength_Array,34.07,-107.63,FALSE,Radio
"Socorro, New Mexico","/wiki/Socorro,_New_Mexico",34.06167,-106.89944,TRUE,
Lowell Observatory,/wiki/Lowell_Observatory,35.20278,-111.66444,FALSE,Visible
Anderson Mesa Station,/wiki/Anderson_Mesa_Station,35.09694,-111.53583,TRUE,
"Flagstaff, Arizona","/wiki/Flagstaff,_Arizona",35.19917,-111.63111,TRUE,
Lulin Observatory,/wiki/Lulin_Observatory,23.46861,120.87361,FALSE,Visible
Lund Observatory,/wiki/Lund_Observatory,55.69958,13.18785,FALSE,Visible
Lund,/wiki/Lund,55.70389,13.195,TRUE,
Yunnan,/wiki/Yunnan,25.05,101.867,TRUE,
Lyon Observatory,/wiki/Lyon_Observatory,45.69472,4.7825,FALSE,Visible
Saint-Genis-Laval,/wiki/Saint-Genis-Laval,45.696,4.793,FALSE,Visible
Hooker Telescope,/wiki/Hooker_Telescope,34.22,-118.07,FALSE,Visible
Mount Wilson Observatory,/wiki/Mount_Wilson_Observatory,34.22,-118.07,FALSE,Visible
Malakoff Tower,/wiki/Malakoff_Tower,-8.0608,-34.8708,FALSE,Visible
Macalester College Observatory,/wiki/Macalester_College_Observatory,44.9364444,-93.1695833,FALSE,Visible
Magdalena Ridge Observatory,/wiki/Magdalena_Ridge_Observatory,33.97667,-107.18472,FALSE,Visible
"Socorro County, New Mexico","/wiki/Socorro_County,_New_Mexico",34.02,-106.93,FALSE,Visible
Malakoff Tower,/wiki/Malakoff_Tower,-8.0608,-34.8708,FALSE,Visible
Recife,/wiki/Recife,-8.05,-34.9,TRUE,
Manastash Ridge Observatory,/wiki/Manastash_Ridge_Observatory,46.9511,-120.7245,FALSE,Visible
Maragheh Observatory,/wiki/Maragheh_observatory,37.3960778,46.2091583,FALSE,Visible
Maragheh,/wiki/Maragheh,37.38917,46.2375,TRUE,
Margaret M. Jacoby Observatory,/wiki/Margaret_M._Jacoby_Observatory,41.71444,-71.4825,FALSE,Visible
"Warwick, Rhode Island","/wiki/Warwick,_Rhode_Island",41.717,-71.417,TRUE,
Maria Mitchell Observatory,/wiki/Maria_Mitchell_Observatory,41.28,-70.105,FALSE,Visible
Marina Towers Observatory,/wiki/Marina_Towers_Observatory,51.614,-3.93667,FALSE,Visible
Markree Observatory,/wiki/Markree_Observatory,54.174286,-8.46147,FALSE,Visible
Marseille Observatory,/wiki/Marseille_Observatory,43.30889,5.38583,FALSE,Visible
Marseille,/wiki/Marseille,43.2964,5.37,TRUE,
Martz Observatory,/wiki/Martz_Observatory,42.00861,-79.06667,FALSE,Visible
Mauna Kea Observatory,/wiki/Mauna_Kea_Observatory,19.82444,-155.47333,FALSE,Visible
Mauna Kea,/wiki/Mauna_Kea,19.82066408,-155.4680664,TRUE,
Hawaii,/wiki/Hawaii,21.31139,-157.79639,TRUE,
Mauna Loa Solar Observatory,/wiki/Mauna_Loa_Solar_Observatory,19.536,-155.576,FALSE,Solar
Hawaii,/wiki/Hawaii,21.31139,-157.79639,TRUE,
Maynard F. Jordan Observatory,/wiki/Maynard_F._Jordan_Observatory,44.89889,-68.6675,FALSE,Visible
"Orono, Maine","/wiki/Orono,_Maine",44.883,-68.672,TRUE,
McDonald Observatory,/wiki/McDonald_Observatory,30.6714,-104.022,FALSE,Visible
Davis Mountains,/wiki/Davis_Mountains,30.633,-104.167,TRUE,
McKim Observatory,/wiki/McKim_Observatory,39.64556,-86.85222,FALSE,Visible
Greencastle,"/wiki/Greencastle,_Indiana",39.64222,-86.85611,TRUE,
McMath–Hulbert Solar Observatory,/wiki/McMath%E2%80%93Hulbert_Solar_Observatory,42.697648,-83.319175,FALSE,Solar
MDM Observatory,/wiki/MDM_Observatory,31.95167,-111.61583,FALSE,Visible
Kitt Peak,/wiki/Kitt_Peak,31.96491923,-111.5992791,FALSE,Visible
Mead Observatory,/wiki/Mead_Observatory,32.45972,-84.99556,FALSE,Visible
Medicina Radio Observatory,/wiki/Medicina_Radio_Observatory,44.5208,11.6469,FALSE,Visible
Medicina,/wiki/Medicina,44.483,11.633,TRUE,
Mees Observatory,/wiki/Mees_Observatory,42.700278,-77.4087667,FALSE,Visible
Mehalso Observatory,/wiki/Mehalso_Observatory,42.118417,-79.9875,FALSE,Visible
Melbourne Observatory,/wiki/Melbourne_Observatory,-37.8297,144.975,FALSE,Visible
Melbourne,"/wiki/Melbourne,_Victoria",-37.81361,144.96306,TRUE,
Melton Memorial Observatory,/wiki/Melton_Memorial_Observatory,33.9975,-81.02639,FALSE,Visible
Mendenhall Observatory,/wiki/Mendenhall_Observatory,36.070472,-97.193833,FALSE,Visible
Menke Observatory,/wiki/Menke_Observatory,41.77194,-90.794306,FALSE,Visible
Metsähovi Observatory,/wiki/Mets%C3%A4hovi_Observatory,60.2181,24.3939,FALSE,Radio
Meudon Observatory,/wiki/Meudon_Observatory,48.8364389,2.3365056,FALSE,Solar
Meudon,/wiki/Meudon,48.8075,2.2403,TRUE,
Meyer–Womble Observatory,/wiki/Meyer%E2%80%93Womble_Observatory,39.587,-105.6409,FALSE,Visible
"Mount Evans, Colorado","/wiki/Mount_Evans,_Colorado",39.5883155,-105.6438064,TRUE,
Michigan State University Observatory,/wiki/Michigan_State_University_Observatory,42.70639,-84.48222,FALSE,Visible
East Lansing,"/wiki/East_Lansing,_Michigan",42.7348,-84.4808,TRUE,
Pic du Midi Observatory,/wiki/Pic_du_Midi_Observatory,42.93639,0.14278,FALSE,Visible
Toulouse Observatory,/wiki/Toulouse_Observatory,43.61233,1.46278,FALSE,Visible
Miller Observatory,/wiki/Miller_Observatory,35.57577,-81.20614,FALSE,Visible
Mills Observatory,/wiki/Mills_Observatory,56.4649806,-3.012575,FALSE,Visible
Balgay Hills,/wiki/Balgay,56.46606,-3.017575,TRUE,
Dundee,/wiki/Dundee,56.462,-2.9707,TRUE,
MMT Observatory,/wiki/MMT_Observatory,31.6883,-110.885,FALSE,Visible
"Mount Hopkins, Arizona",/wiki/Mount_Hopkins_(Arizona),31.6884218,-110.8853648,FALSE,Visible
Modra Observatory,/wiki/Modra_Observatory,48.373273,17.274021,FALSE,Visible
Modra,/wiki/Modra,48.33167,17.30889,TRUE,
Moletai Astronomical Observatory,/wiki/Moletai_Astronomical_Observatory,55.315972,25.56333,FALSE,Visible
Moletai,/wiki/Moletai,55.233,25.417,TRUE,
Lithuania,/wiki/Lithuania,54.683,25.317,TRUE,
Molonglo Observatory Synthesis Telescope,/wiki/Molonglo_Observatory_Synthesis_Telescope,-35.3707,149.424,FALSE,Visible
Mont Mégantic Observatory,/wiki/Mont_M%C3%A9gantic_Observatory,45.4558,-71.1525,FALSE,Visible
Mont Mégantic,/wiki/Mont_M%C3%A9gantic,45.455683,-71.1521,TRUE,
Québec,/wiki/Qu%C3%A9bec,53,-70,TRUE,
Monterey Institute for Research in Astronomy,/wiki/Monterey_Institute_for_Research_in_Astronomy,36.6609,-121.8087,FALSE,Visible
Montevideo,/wiki/Montevideo,-34.88361,-56.18194,FALSE,Visible
Moore Observatory,/wiki/Moore_Observatory,38.34444,-85.52889,TRUE,
Morgan–Monroe Observatory,/wiki/Morgan%E2%80%93Monroe_Observatory,39.31361,-86.43444,FALSE,Visible
Morgan–Monroe State Forest,/wiki/Morgan%E2%80%93Monroe_State_Forest,39.32111,-86.41333,TRUE,
Morris Observatory,/wiki/Morris_Observatory,41.013167,-85.757806,FALSE,Visible
Morrison Observatory,/wiki/Morrison_Observatory,39.1,-92.4,FALSE,Visible
Mount Stony Brook Observatory,/wiki/Mount_Stony_Brook_Observatory,40.91476,-73.12568,FALSE,Visible
Mounds Observatory,/wiki/Mounds_Observatory,35.831233,-96.146,FALSE,Visible
Mount Abu InfraRed Observatory,/wiki/Mount_Abu_InfraRed_Observatory,24.6548167,72.7792167,FALSE,Visible
Mount Burnett Observatory,/wiki/Mount_Burnett_Observatory,-37.9727,145.4954,FALSE,Visible
Mount Burnett,"/wiki/Mount_Burnett,_Victoria",-37.983,145.5,TRUE,
Mount Cuba Astronomical Observatory,/wiki/Mount_Cuba_Astronomical_Observatory,39.785,-75.63333,FALSE,Visible
Mount Graham International Observatory,/wiki/Mount_Graham_International_Observatory,32.7013028,-109.8920139,FALSE,Visible
Mount Graham,/wiki/Mount_Graham,32.70165781,-109.871391,TRUE,
Mount John University Observatory,/wiki/Mount_John_University_Observatory,-43.9867,170.465,FALSE,Visible
Lake Tekapo,/wiki/Lake_Tekapo,-43.883,170.517,TRUE,
Mount Laguna Observatory,/wiki/Mount_Laguna_Observatory,32.8424,-116.428,FALSE,Visible
"San Diego, California","/wiki/San_Diego,_California",32.715,-117.1625,FALSE,Visible
Mount Lemmon Observatory,/wiki/Mount_Lemmon_Observatory,32.442,-110.7893,FALSE,Visible
"Tucson, Arizona","/wiki/Tucson,_Arizona",32.22167,-110.92639,TRUE,
Mount Pleasant Radio Observatory,/wiki/Mount_Pleasant_Radio_Observatory,-42.805,147.439,FALSE,Radio
Mount Stromlo Observatory,/wiki/Mount_Stromlo_Observatory,-35.32027778,149.0069444,FALSE,Visible
Canberra,/wiki/Canberra,-35.3075,149.124417,TRUE,
Mount Suhora Observatory,/wiki/Mount_Suhora_Observatory,49.56917,20.0675,FALSE,Visible
Mount Wilson Observatory,/wiki/Mount_Wilson_Observatory,34.22,-118.07,FALSE,Visible
Mount Wilson,/wiki/Mount_Wilson_(California),34.22375903,-118.0616449,FALSE,Visible
"Los Angeles County, California","/wiki/Los_Angeles_County,_California",34.05,-118.25,FALSE,Visible
Mountain Skies Observatory,/wiki/Mountain_Skies_Observatory,41.328,-110.292,FALSE,Visible
Mullard Radio Astronomy Observatory,/wiki/Mullard_Radio_Astronomy_Observatory,52.1674,0.0326,FALSE,Radio
Cambridge,/wiki/Cambridge,52.205,0.119,TRUE,
Murchison Radio-astronomy Observatory,/wiki/Murchison_Radio-astronomy_Observatory,-26.7042,116.659,FALSE,Radio
Nice Observatory,/wiki/Nice_Observatory,43.72744,7.29907,FALSE,Visible
Nachi-Katsuura Observatory,/wiki/Nachi-Katsuura_Observatory,33.61,135.92472,FALSE,Visible
Nançay Radio Telescope,/wiki/Nan%C3%A7ay_Radio_Telescope,47.3708,2.1972,FALSE,Visible
Nanjing,/wiki/Nanjing,32.05,118.767,TRUE,
Jiangsu,/wiki/Jiangsu,32.9,119.8,TRUE,
National Astronomical Observatory of Japan,/wiki/National_Astronomical_Observatory_of_Japan,35.6752172,139.5380831,FALSE,Visible
"Mitaka, Tokyo","/wiki/Mitaka,_Tokyo",35.683556,139.559528,TRUE,
National Astronomical Observatory (Mexico),/wiki/National_Astronomical_Observatory_(Mexico),31.0439,-115.4637,FALSE,Visible
Sierra San Pedro Mártir,/wiki/Sierra_San_Pedro_M%C3%A1rtir,30.75,-115.217,TRUE,
National Observatory (Brazil),/wiki/National_Observatory_(Brazil),-22.8953,-43.2246,FALSE,Visible
National Observatory of Athens,/wiki/National_Observatory_of_Athens,37.973389,23.718222,FALSE,Visible
Athens,/wiki/Athens,37.983972,23.727806,TRUE,
Cerro Tololo Inter-American Observatory,/wiki/Cerro_Tololo_Inter-American_Observatory,-30.1696611,-70.806525,FALSE,Visible
Gemini Observatory,/wiki/Gemini_Observatory,19.82396,-155.46984,FALSE,Visible
Kitt Peak National Observatory,/wiki/Kitt_Peak_National_Observatory,31.9583,-111.5967,FALSE,Visible
National Solar Observatory,/wiki/National_Solar_Observatory,40.0117201,-105.2454644,FALSE,Solar
"Tucson, Arizona","/wiki/Tucson,_Arizona",32.22167,-110.92639,TRUE,
National Optical Observatory,/wiki/National_Optical_Observatory,36.82417,30.33556,FALSE,Visible
Atacama Large Millimeter Array,/wiki/Atacama_Large_Millimeter_Array,-23.0193,-67.7532,FALSE,Radio
Green Bank Telescope,/wiki/Green_Bank_Telescope,38.43305556,-79.83972222,FALSE,Radio
Very Large Array,/wiki/Very_Large_Array,34.0787492,-107.6177275,FALSE,Radio
Very Long Baseline Array,/wiki/Very_Long_Baseline_Array,34.07883,-107.61831,FALSE,Radio
"Charlottesville, Virginia","/wiki/Charlottesville,_Virginia",38.03,-78.47889,TRUE,
Helwan,/wiki/Helwan,29.85,31.333,TRUE,
National Solar Observatory,/wiki/National_Solar_Observatory,40.0117201,-105.2454644,FALSE,Visible
"Sunspot, New Mexico","/wiki/Sunspot,_New_Mexico",32.791,-105.818,TRUE,
Kitt Peak,/wiki/Kitt_Peak,31.96491923,-111.5992791,FALSE,Visible
Naylor Observatory,/wiki/Naylor_Observatory,40.1469,-76.8989,FALSE,Visible
Neuchâtel Observatory,/wiki/Neuch%C3%A2tel_Observatory,47,6.9529,FALSE,Visible
Neuchâtel,/wiki/Neuch%C3%A2tel,47,6.933,TRUE,
Nice Observatory,/wiki/Nice_Observatory,43.72744,7.29907,FALSE,Visible
"Nice, France","/wiki/Nice,_France",43.7034,7.2663,TRUE,
Nizamia Observatory,/wiki/Nizamia_observatory,17.43167,78.4525,FALSE,Visible
Hyderabad,/wiki/Hyderabad,17.37,78.48,TRUE,
Norman Lockyer Observatory,/wiki/Lockyer_Observatory_and_Planetarium,50.68803,-3.219835,FALSE,Solar
Sidmouth,/wiki/Sidmouth,50.68,-3.239,TRUE,
Nordic Optical Telescope,/wiki/Nordic_Optical_Telescope,28.75722222,-17.885,FALSE,Visible
Canary Islands,/wiki/Canary_Islands,28.1,-15.4,TRUE,
"Flagstaff, AZ","/wiki/Flagstaff,_AZ",35.19917,-111.63111,TRUE,
London,/wiki/London,51.50722,-0.1275,TRUE,
London,/wiki/London,51.50722,-0.1275,FALSE,Visible
North Georgia Astronomical Observatory,/wiki/North_Georgia_Astronomical_Observatory,34.52083,-84.05389,FALSE,Visible
North Otago Astronomical Society Observatory,/wiki/North_Otago_Astronomical_Society_Observatory,-45.091482,170.95801,FALSE,Visible
Nyrölä Observatory,/wiki/Nyr%C3%B6l%C3%A4_Observatory,62.34222,25.51306,FALSE,Visible
Córdoba,"/wiki/C%C3%B3rdoba,_Argentina",-31.417,-64.183,FALSE,Visible
Aras de los Olmos,/wiki/Aras_de_los_Olmos,39.92556,-1.13361,TRUE,
O'Brien Observatory,/wiki/O%27Brien_Observatory,45.1815,-92.7757,TRUE,
Sonora,/wiki/Sonora,29.64611,-110.86889,TRUE,
Oil Region Astronomical Observatory,/wiki/Oil_Region_Astronomical_Observatory,41.47028,-79.78361,FALSE,Visible
Venango County,"/wiki/Venango_County,_Pennsylvania",41.4,-79.76,TRUE,
Ondokuz Mayis University Observatory,/wiki/Ondokuz_May%C4%B1s_University_Observatory,41.36833,36.20083,FALSE,Visible
Ondrejov Observatory,/wiki/Ond%C5%99ejov_Observatory,49.915175,14.780994,FALSE,Visible
Ondrejov,/wiki/Ond%C5%99ejov_(Prague-East_District),49.905,14.782,TRUE,
Onsala Space Observatory,/wiki/Onsala_Space_Observatory,57.39305556,11.91777778,FALSE,Radio
Onsala,/wiki/Onsala,57.41472,12.0225,TRUE,
Ooty Radio Telescope,/wiki/Ooty_Radio_Telescope,11.383404,76.66616,FALSE,Radio
Ooty,/wiki/Ooty,11.41,76.7,TRUE,
Orchard Hill Observatory,/wiki/Orchard_Hill_Observatory,42.3940611,-72.5215639,FALSE,Radio
Orioloromano Observatory,/wiki/Orioloromano_Observatory,42.169528,12.138,FALSE,Visible
Otter Creek Observatory,/wiki/Otter_Creek_Observatory,38.07307,-86.016362,FALSE,Visible
Oulu,/wiki/Oulu,65.017,25.467,TRUE,
Owens Valley Radio Observatory,/wiki/Owens_Valley_Radio_Observatory,37.2339,-118.282,FALSE,Visible
Perth Observatory,/wiki/Perth_Observatory,-32.00778,116.13528,FALSE,Visible
Pachmarhi Array of Cerenkov Telescopes (PACT),/wiki/Pachmarhi_Telescope_Array,22.46667,76.43333,FALSE,Visible
Palisades-Dows Observatory,/wiki/Palisades-Dows_Observatory,41.889333,-91.500167,FALSE,Visible
Palomar Observatory,/wiki/Palomar_Observatory,33.3558,-116.865,FALSE,Visible
Palomar Mountain,/wiki/Palomar_Mountain,33.36348351,-116.8363942,TRUE,
Panzano Observatory,/wiki/Panzano_Observatory,44.6211,11.0417,FALSE,Visible
Paranal Observatory,/wiki/Paranal_Observatory,-24.62722,-70.40417,FALSE,Visible
Cerro Paranal,/wiki/Cerro_Paranal,-24.62722,-70.40472,TRUE,
Atacama desert,/wiki/Atacama_desert,-24.5,-69.25,TRUE,
Chile,/wiki/Chile,-30,-71,TRUE,
Paris Observatory,/wiki/Paris_Observatory,48.8364389,2.3365056,FALSE,Visible
Parkes Observatory,/wiki/Parkes_Observatory,-32.99994,148.26231,FALSE,Radio
Parkes,"/wiki/Parkes,_New_South_Wales",-33.13333,148.16667,TRUE,
Paul Robinson Observatory,/wiki/Paul_Robinson_Observatory,40.6818,-74.8981,FALSE,Visible
"High Bridge, New Jersey","/wiki/High_Bridge,_New_Jersey",40.669591,-74.890548,FALSE,Visible
Peach Mountain Observatory,/wiki/Peach_Mountain_Observatory,42.3988,-83.9355,FALSE,Visible
Perkins Observatory,/wiki/Perkins_Observatory,40.251036,-83.055825,FALSE,Visible
"Delaware, Ohio","/wiki/Delaware,_Ohio",40.29889,-83.07194,TRUE,
Perth Observatory,/wiki/Perth_Observatory,-32.00778,116.13528,FALSE,Visible
Pic du Midi Observatory,/wiki/Pic_du_Midi_de_Bigorre,42.93639,0.14278,FALSE,Visible
Pic du Midi,/wiki/Pic_du_Midi_de_Bigorre,42.93639,0.14278,TRUE,
Pico dos Dias Observatory,/wiki/Pico_dos_Dias_Observatory,-22.5344,-45.5825,FALSE,Visible
Piera Observatory,/wiki/Piera_Observatory,41.5215,1.7553,FALSE,Visible
Barcelona,/wiki/Barcelona,41.383,2.183,TRUE,
Pierre Auger Observatory,/wiki/Pierre_Auger_Observatory,-35.20667,-69.31583,FALSE,Visible
Malargüe,/wiki/Malarg%C3%BCe,-35.475,-69.583,TRUE,
Pine Bluff Observatory,/wiki/Pine_Bluff_Observatory,43.0777,-89.6717,FALSE,Visible
"Cross Plains, Wisconsin","/wiki/Cross_Plains_(town),_Wisconsin",43.07917,-89.66278,TRUE,
Pine Mountain Observatory,/wiki/Pine_Mountain_Observatory,43.7915,-120.9408,FALSE,Visible
"Bend, Oregon","/wiki/Bend,_Oregon",44.05,-121.3,TRUE,
Pistoia Mountains Astronomical Observatory,/wiki/Pistoia_Mountains_Astronomical_Observatory,44.06306,10.80417,FALSE,Visible
San Marcello Pistoiese,/wiki/San_Marcello_Pistoiese,44.05,10.8,TRUE,
Portage Lake Observatory,/wiki/Portage_Lake_Observatory,42.4035,-83.9245,FALSE,Visible
Poznan Observatory,/wiki/Pozna%C5%84_Observatory,52.3944,16.8745,FALSE,Visible
Pulkovo Observatory,/wiki/Pulkovo_Observatory,59.77167,30.32611,FALSE,Visible
Pulkovskiye Heights,/wiki/Pulkovskiye_Heights,59.771811,30.326047,TRUE,
Purple Mountain Observatory,/wiki/Purple_Mountain_Observatory,32.067,118.817,FALSE,Visible
Nanjing,/wiki/Nanjing,32.05,118.767,TRUE,
Jiangsu,/wiki/Jiangsu,32.9,119.8,TRUE,
,/wiki/File:Antique_Telescope_at_the_Quito_Astronomical_Observatory_002.JPG,-0.214908,-78.502572,TRUE,
,/wiki/File:Antique_Telescope_at_the_Quito_Astronomical_Observatory_002.JPG,-0.214908,-78.502572,TRUE,
Quito Astronomical Observatory,/wiki/Quito_Astronomical_Observatory,-0.214886,-78.502555,FALSE,Visible
National Polytechnic School,/wiki/National_Polytechnic_School,-0.21056,-78.48889,FALSE,Visible
Quito Astronomical Observatory,/wiki/Quito_Astronomical_Observatory,-0.214886,-78.502555,FALSE,Visible
"La Alameda Park, Quito","/wiki/La_Alameda_Park,_Quito",-0.2149,-78.5026,TRUE,
Ecuador,/wiki/Ecuador,-2,-77.5,FALSE,Visible
Royal Greenwich Observatory,/wiki/Royal_Greenwich_Observatory,51.4778,-0.0014,FALSE,Visible
Radcliffe Observatory,/wiki/Radcliffe_Observatory,51.7608,-1.2639,FALSE,Visible
South Africa,/wiki/South_Africa,-30,25,TRUE,
Rainwater Observatory,/wiki/Rainwater_Observatory,33.28725,-89.385139,FALSE,Visible
"French Camp, Mississippi","/wiki/French_Camp,_Mississippi",33.29389,-89.40028,TRUE,
Ralph A. Worley Observatory,/wiki/Ralph_A._Worley_Observatory,32.3197528,-93.6215083,FALSE,Visible
Appalachian State University,/wiki/Appalachian_State_University,36.213843,-81.678621,FALSE,Visible
Rattlesnake Mountain Observatory,/wiki/Rattlesnake_Mountain_Observatory,46.40556,-119.61056,FALSE,Visible
Hanford Reach National Monument,/wiki/Hanford_Reach_National_Monument,46.58333,-119.51667,TRUE,
Washington,/wiki/Washington_(state),47.5,-120.5,TRUE,
Red Barn Observatory,/wiki/Red_Barn_Observatory,31.3879833,-83.6519861,FALSE,Visible
Red Buttes Observatory,/wiki/Red_Buttes_Observatory,41.17639,-105.57389,FALSE,Visible
Riley Observatory,/wiki/Riley_Observatory,41.7007,-88.1588,FALSE,Visible
RIT Observatory,/wiki/RIT_Observatory,43.0758,-77.6647,FALSE,Visible
Ritter Observatory,/wiki/Ritter_Observatory,41.6624,-83.6123,FALSE,Visible
Robert Brownlee Observatory,/wiki/Robert_Brownlee_Observatory,34.23083,-117.20972,FALSE,Visible
Robinson Observatory,/wiki/Robinson_Observatory,28.59175,-81.19062,FALSE,Visible
Robotic Lunar Observatory,/wiki/Robotic_Lunar_Observatory,35.2148,-111.6344,FALSE,Visible
"Flagstaff, Arizona","/wiki/Flagstaff,_Arizona",35.19917,-111.63111,TRUE,
Rogers Observatory,/wiki/Rogers_Observatory,44.70667,-85.77556,FALSE,Visible
Rolnick Observatory,/wiki/Rolnick_Observatory,41.17111,-73.3305,FALSE,Visible
"Westport, Connecticut","/wiki/Westport,_Connecticut",41.12333,-73.34694,TRUE,
Rome Observatory,/wiki/Rome_Observatory,41.92167,12.45167,FALSE,Visible
Rothney Astrophysical Observatory,/wiki/Rothney_Astrophysical_Observatory,50.8684,-114.291,FALSE,Visible
"Royal Observatory, Greenwich","/wiki/Royal_Observatory,_Greenwich",51.4778,-0.0014,FALSE,Visible
Greenwich,/wiki/Greenwich,51.48,0,TRUE,
"Royal Observatory, Edinburgh","/wiki/Royal_Observatory,_Edinburgh",55.92306,-3.18778,FALSE,Visible
Roque de los Muchachos Observatory,/wiki/Roque_de_los_Muchachos_Observatory,28.7636,-17.8947,FALSE,Visible
La Palma,/wiki/La_Palma,28.667,-17.867,TRUE,
Canary Islands,/wiki/Canary_Islands,28.1,-15.4,TRUE,
Rosemary Hill Observatory,/wiki/Rosemary_Hill_Observatory,29.4001,-82.5862,FALSE,Visible
Rozhen Observatory,/wiki/Rozhen_Observatory,41.6925,24.73806,FALSE,Visible
Rutherford Observatory,/wiki/Rutherford_Observatory,40.81,-73.9614,FALSE,Visible
Stockholm Observatory,/wiki/Stockholm_Observatory,59.34167,18.05472,FALSE,Visible
Strasbourg Observatory,/wiki/Observatory_of_Strasbourg,48.58333,7.76806,FALSE,Visible
Sankt Andreasberg Observatory,/wiki/Sankt_Andreasberg_Observatory,51.73184,10.52605,FALSE,Visible
Irkutsk,/wiki/Irkutsk,52.283,104.283,TRUE,
SFA Observatory,/wiki/SFA_Observatory,31.7599,-94.661,FALSE,Visible
Sagamore Hill Radio Observatory,/wiki/Sagamore_Hill_Radio_Observatory,42.6323,-70.8201,FALSE,Visible
Shattuck Observatory,/wiki/Shattuck_Observatory,43.705,-72.28528,FALSE,Visible
Shamakhi Astrophysical Observatory,/wiki/Shamakhi_Astrophysical_Observatory,40.77222,48.58444,FALSE,Visible
Shamakhi,/wiki/Shamakhi,40.63028,48.64139,TRUE,
Azerbaijan,/wiki/Azerbaijan,40.417,49.833,TRUE,
Shanghai Astronomical Observatory,/wiki/Shanghai_Astronomical_Observatory,31.19028,121.42944,FALSE,Visible
Sherzer Observatory,/wiki/Sherzer_Observatory,42.155,-83.372856,FALSE,Visible
Siding Spring Observatory,/wiki/Siding_Spring_Observatory,-31.27333,149.06444,FALSE,Visible
Siding Spring,/wiki/Siding_Spring_Observatory,-31.27333,149.06444,FALSE,Visible
Sidmouth Observatory,/wiki/Lockyer_Observatory_and_Planetarium,50.68803,-3.219835,FALSE,Solar
Sidmouth,/wiki/Sidmouth,50.68,-3.239,TRUE,
Sierra Nevada Observatory,/wiki/Sierra_Nevada_Observatory,37.064219,-3.3847,FALSE,Visible
Sierra Nevada,"/wiki/Sierra_Nevada,_Spain",37.05,-3.3,FALSE,Visible
Silesian Planetarium and Astronomical Observatory,/wiki/Silesian_Planetarium,50.2904694,18.9914694,FALSE,Visible
Chorzów,/wiki/Chorz%C3%B3w,50.3,18.95,TRUE,
Simeiz Observatory,/wiki/Simeiz_Observatory,44.4180389,33.9974,FALSE,Visible
Simeiz,/wiki/Simeiz,44.40583,33.99,TRUE,
Skalnaté Pleso Observatory,/wiki/Skalnat%C3%A9_Pleso_Observatory,49.18938056,20.23381944,FALSE,Visible
Slovakia,/wiki/Slovakia,48.667,19.5,TRUE,
Greece,/wiki/Greece,37.967,23.717,TRUE,
Smith Observatory,/wiki/Smith_Observatory,42.505,-89.03167,FALSE,Visible
Smithsonian Astrophysical Observatory,/wiki/Smithsonian_Astrophysical_Observatory,34.217,-118.933,FALSE,Visible
"Cambridge, Massachusetts","/wiki/Cambridge,_Massachusetts",42.37361,-71.11056,TRUE,
Sobaeksan,/wiki/Sobaeksan,36.96,128.48472,FALSE,Visible
Sola Fide Observatory,/wiki/Sola_Fide_Observatory,43.618959,-92.987294,FALSE,Visible
"Austin, Minnesota","/wiki/Austin,_Minnesota",43.667,-92.967,TRUE,
Solar Space Telescope,/wiki/Space_program_of_China#List_of_projects,-7,117.55,FALSE,Visible
Sommers–Bausch Observatory,/wiki/Sommers%E2%80%93Bausch_Observatory,40.003722,-105.2625,FALSE,Visible
"Boulder, Colorado","/wiki/Boulder,_Colorado",40.027435,-105.251945,FALSE,Visible
Sonnenborgh Observatory,/wiki/Sonnenborgh_Observatory,52.08667,5.13,FALSE,Visible
Utrecht,/wiki/Utrecht_(city),52.083,5.117,TRUE,
Sonoma State Observatory,/wiki/Sonoma_State_Observatory,38.33667,-122.6675,FALSE,Visible
South African Astronomical Observatory,/wiki/South_African_Astronomical_Observatory,-33.9347,18.4776,FALSE,Visible
"Observatory, Cape Town","/wiki/Observatory,_Cape_Town",-33.93778,18.47083,FALSE,Visible
South Africa,/wiki/South_Africa,-30,25,TRUE,
"Sutherland, Northern Cape","/wiki/Sutherland,_Northern_Cape",-32.39361,20.66139,FALSE,Visible
South Africa,/wiki/South_Africa,-30,25,TRUE,
Southern Astrophysical Research Telescope (SOAR),/wiki/Southern_Astrophysical_Research_Telescope,-30.238,-70.73372,FALSE,Visible
Cerro Pachón,/wiki/Cerro_Pach%C3%B3n,-30.240722,-70.736583,FALSE,Visible
Chile,/wiki/Chile,-30,-71,TRUE,
South Pole Telescope,/wiki/South_Pole_Telescope,-90,0,FALSE,Radio
Antarctica,/wiki/Antarctica,-69.35778,-2.24722,TRUE,
Space Hard X-Ray Modulation Telescope,/wiki/Space_program_of_China#List_of_projects,-7,117.55,FALSE,Visible
Spanish National Observatory,/wiki/Spanish_National_Observatory,40.411,-3.678,FALSE,Visible
Special Astrophysical Observatory of the Russian Academy of Sciences,/wiki/Special_Astrophysical_Observatory_of_the_Russian_Academy_of_Science,43.646825,41.440447,FALSE,Visible
Zelenchukskaya,/wiki/Zelenchukskaya,43.85,41.6,TRUE,
Arkhyz,/wiki/Arkhyz,43.565,41.278889,TRUE,
Caucasus Mountains,/wiki/Caucasus_Mountains,43.355,42.44194,TRUE,
Sperry Observatory,/wiki/Sperry_Observatory,40.66639,-74.32333,FALSE,Visible
"Cranford, New Jersey","/wiki/Cranford,_New_Jersey",40.656391,-74.30483,TRUE,
Springfield Observatory,/wiki/Springfield_Science_Museum,42.10361,-72.58528,FALSE,Visible
Sproul Observatory,/wiki/Sproul_Observatory,39.90361,-75.35528,FALSE,Visible
Stardome Observatory,/wiki/Stardome_Observatory,-36.9059778,174.7767361,FALSE,Visible
Starkenburg Observatory,/wiki/Starkenburg_Observatory,49.64806,8.65306,FALSE,Visible
Heppenheim,/wiki/Heppenheim,49.64306,8.63889,TRUE,
Štefánik's Observatory,/wiki/%C5%A0tef%C3%A1nik%27s_Observatory,50.081194,14.398222,FALSE,Visible
Steward Observatory,/wiki/Steward_Observatory,32.2333,-110.949,FALSE,Visible
MMT Observatory,/wiki/MMT_Observatory,31.6883,-110.885,FALSE,Visible
Mount Graham International Observatory,/wiki/Mount_Graham_International_Observatory,32.7013028,-109.8920139,FALSE,Visible
Mount Lemmon Observatory,/wiki/Mount_Lemmon_Observatory,32.442,-110.7893,FALSE,Visible
"Tucson, Arizona","/wiki/Tucson,_Arizona",32.22167,-110.92639,TRUE,
Stjerneborg,/wiki/Stjerneborg,55.9068,12.6967,FALSE,Visible
Hven,/wiki/Hven,55.9,12.7,TRUE,
Stockholm Observatory,/wiki/Stockholm_Observatory,59.34167,18.05472,FALSE,Visible
Stockholm,/wiki/Stockholm,59.32944,18.06861,TRUE,
Stokesville Observatory,/wiki/Stokesville_Observatory,38.352361,-79.15194,FALSE,Visible
Stonyhurst Observatory,/wiki/Stonyhurst_Observatory,53.8,-2.5,FALSE,Visible
Strasbourg Observatory,/wiki/Observatory_of_Strasbourg,48.58333,7.76806,FALSE,Visible
Strasbourg,/wiki/Strasbourg,48.58,7.75,TRUE,
Stratospheric Observatory for Infrared Astronomy,/wiki/Stratospheric_Observatory_for_Infrared_Astronomy,34.923,-117.885,FALSE,Visible
Stull Observatory,/wiki/Stull_Observatory,42.25,-77.783,FALSE,Visible
Stuttgart Observatory,/wiki/Stuttgart_Observatory,48.875,9.59667,FALSE,Visible
Stuttgart,/wiki/Stuttgart,48.783,9.183,TRUE,
Submillimeter Array,/wiki/Submillimeter_Array,19.8243,-155.478,FALSE,Microwave
Mauna Kea,/wiki/Mauna_Kea,19.82066408,-155.4680664,TRUE,
Hawaii,/wiki/Hawaii,21.31139,-157.79639,TRUE,
Sudbury Neutrino Observatory,/wiki/Sudbury_Neutrino_Observatory,46.475,-81.20111,FALSE,Neutrino
Sudbury,/wiki/Greater_Sudbury,46.49,-81.01,TRUE,
Sunriver Observatory,/wiki/Sunriver_Observatory,43.8851,-121.4476,FALSE,Visible
"Sunriver, Oregon","/wiki/Sunriver,_Oregon",43.8841694,-121.4375,TRUE,
Sydney Observatory,/wiki/Sydney_Observatory,-33.859574,151.204576,FALSE,Visible
"Sydney, Australia","/wiki/Sydney,_Australia",-33.865,151.20944,TRUE,
Table Mountain Observatory,/wiki/Table_Mountain_Observatory,34.382,-117.6818,FALSE,Visible
Angeles National Forest,/wiki/Angeles_National_Forest,34.333,-118.133,TRUE,
Tacubaya,/wiki/Tacubaya,19.4016398,-99.1883337,FALSE,Visible
Mexico City,/wiki/Mexico_City,19.433,-99.133,TRUE,
Taeduk Radio Astronomy Observatory,/wiki/Taeduk_Radio_Astronomy_Observatory,36.397586,127.375208,FALSE,Radio
Tamke-Allan Observatory,/wiki/Tamke-Allan_Observatory,35.8325,-84.61783,FALSE,Visible
Tartu Observatory,/wiki/Tartu_Observatory,58.26583,26.46611,FALSE,Visible
Teide Observatory,/wiki/Teide_Observatory,28.3,-16.5097,FALSE,Visible
Tenerife,/wiki/Tenerife,28.26861,-16.60556,FALSE,Visible
Canary Islands,/wiki/Canary_Islands,28.1,-15.4,TRUE,
Ten Acre Observatory,/wiki/Ten_Acre_Observatory,35.0886,-97.1207,FALSE,Visible
Thai National Observatory,/wiki/Thai_National_Observatory,18.590549,98.486546,FALSE,Visible
The Heights Observatory,/wiki/The_Heights_Observatory,-34.812439,138.682356,FALSE,Visible
The Heights School,/wiki/The_Heights_School_(Australia),-34.8107711,138.683153,TRUE,
Texas A&M Astronomical Observatory,/wiki/Texas_A%26M_Astronomical_Observatory,30.5727167,-96.36665,FALSE,Visible
Theodore Jacobsen Observatory,/wiki/Theodore_Jacobsen_Observatory,47.660432,-122.3092,FALSE,Visible
Thompson Observatory,/wiki/Thompson_Observatory,42.505,-89.03167,FALSE,Visible
Tuorla Observatory,/wiki/Tuorla_Observatory,60.41583,22.44333,FALSE,Visible
Trieste Observatory,/wiki/Trieste_Observatory,45.6448,13.774,FALSE,Visible
Trieste,/wiki/Trieste,45.633,13.8,TRUE,
Turin Observatory,/wiki/Turin_Observatory,45.041292,7.765135,FALSE,Visible
Pino Torinese,/wiki/Pino_Torinese,45.0434889,7.7725556,TRUE,
Uraniborg,/wiki/Uraniborg,55.90778,12.69611,FALSE,Visible
,/wiki/File:Old_University_of_Alabama_Observatory_02.jpg,33.211111,-87.549167,TRUE,
,/wiki/File:Old_University_of_Alabama_Observatory_02.jpg,33.211111,-87.549167,TRUE,
Old University of Alabama Observatory,/wiki/Old_University_of_Alabama_Observatory,33.21104,-87.55014,FALSE,Visible
University of Illinois Observatory,/wiki/University_of_Illinois_Observatory,40.10525,-88.226139,FALSE,Visible
Udaipur Solar Observatory,/wiki/Udaipur_Solar_Observatory,24.6045889,73.6741889,FALSE,Solar
"Udaipur, Rajasthan","/wiki/Udaipur,_Rajasthan",24.58,73.68,TRUE,
"Ukrainian T-shaped Radio telescope, second modification","/wiki/Ukrainian_T-shaped_Radio_telescope,_second_modification",49.6381,36.9361,FALSE,Radio
Ulugh Beg Observatory,/wiki/Ulugh_Beg_Observatory,39.675,67.005,FALSE,Visible
Samarkand,/wiki/Samarkand,39.7,66.983,TRUE,
University of Alabama Observatory,/wiki/University_of_Alabama_Observatory,33.209682,-87.543886,FALSE,Visible
"Tuscaloosa, Alabama","/wiki/Tuscaloosa,_Alabama",33.20667,-87.53472,TRUE,
University of Alabama Observatory (Old),/wiki/Old_University_of_Alabama_Observatory,33.21104,-87.55014,FALSE,Visible
"Tuscaloosa, Alabama","/wiki/Tuscaloosa,_Alabama",33.20667,-87.53472,TRUE,
University of North Alabama Observatory,/wiki/UNA_Observatory,34.809278,-87.6825,FALSE,Visible
University of Illinois Astronomical Observatory,/wiki/University_of_Illinois_Observatory,40.10525,-88.226139,FALSE,Visible
University of London Observatory,/wiki/University_of_London_Observatory,51.6134,-0.242,FALSE,Visible
University of Maryland Observatory,/wiki/University_of_Maryland_Observatory,39.00167,-76.95667,FALSE,Visible
University of New Hampshire Observatory,/wiki/University_of_New_Hampshire_Observatory,43.1465,-70.9438,FALSE,Visible
University of Oklahoma Observatory,/wiki/University_of_Oklahoma_Observatory,35.2025,-97.444056,FALSE,Visible
Uppsala Astronomical Observatory,/wiki/Uppsala_Astronomical_Observatory,59.837417,17.647833,FALSE,Visible
Urania (Vienna),/wiki/Urania_(Vienna),48.21167,16.38361,TRUE,
Urania Observatory (Zürich),/wiki/Urania_Observatory_(Z%C3%BCrich),47.3744,8.5395,FALSE,Visible
Uraniborg,/wiki/Uraniborg,55.90778,12.69611,FALSE,Visible
Hven,/wiki/Hven,55.9,12.7,TRUE,
Urumqi Astronomical Observatory,/wiki/Urumqi_Astronomical_Observatory,43.47,87.18,FALSE,Visible
Urumqi,/wiki/Urumqi,43.825,87.6,FALSE,Visible
U.S. Naval Observatory (USNO),/wiki/United_States_Naval_Observatory,38.921473,-77.066946,FALSE,Visible
"Depot of Charts and Instruments (U.S. Navy) (precursor, renamed to USNO)",/wiki/United_States_Naval_Observatory#History,38.921473,-77.066946,TRUE,
U.S. Naval Observatory (Flagstaff Station),/wiki/United_States_Naval_Observatory_Flagstaff_Station,35.18417,-111.74028,FALSE,Visible
"Washington, D.C.","/wiki/Washington,_D.C.",38.90472,-77.01639,TRUE,
"Washington, D.C.","/wiki/Washington,_D.C.",38.90472,-77.01639,TRUE,
"Flagstaff, Arizona","/wiki/Flagstaff,_Arizona",35.19917,-111.63111,TRUE,
Very Large Array,/wiki/Very_Large_Array,34.0787492,-107.6177275,FALSE,Visible
Valongo Observatory,/wiki/Valongo_Observatory,-22.9,-43.19,FALSE,Visible
Kavalur,/wiki/Kavalur,12.57802,78.81318,FALSE,Visible
Aosta Valley,/wiki/Aosta_Valley,45.74694,7.43917,TRUE,
Van Vleck Observatory,/wiki/Van_Vleck_Observatory,41.555,-72.65917,FALSE,Visible
Vanderbilt University Observatory,/wiki/Vanderbilt_University_Observatory,36.0524,-86.8053,FALSE,Visible
Vartiovuori Observatory,/wiki/Vartiovuori_Observatory,60.44861,22.27667,FALSE,Visible
Vassar College Observatory,/wiki/Vassar_College_Observatory,41.688285,-73.89331,FALSE,Visible
"Poughkeepsie, New York","/wiki/Poughkeepsie_(town),_New_York",41.67111,-73.90694,FALSE,Visible
Vatican Observatory,/wiki/Vatican_Observatory,41.74722222,12.65055556,FALSE,Visible
Vatican Advanced Technology Telescope,/wiki/Vatican_Advanced_Technology_Telescope,32.7013278,-109.8923722,FALSE,Visible
Castel Gandolfo,/wiki/Castel_Gandolfo,41.7467472,12.6505861,FALSE,Visible
Mount Graham,/wiki/Mount_Graham,32.70165781,-109.871391,FALSE,Visible
Veen Observatory,/wiki/Veen_Observatory,42.90444,-85.40361,FALSE,Visible
Vega–Bray Observatory,/wiki/Vega%E2%80%93Bray_Observatory,31.94083,-110.2575,FALSE,Visible
Ventspils Starptautiskais Radioastronomijas Centrs,/wiki/Ventspils_Starptautiskais_Radioastronomijas_Centrs,57.553493,21.854916,FALSE,Radio
Very Large Array,/wiki/Very_Large_Array,34.0787492,-107.6177275,FALSE,Radio
"Socorro, New Mexico","/wiki/Socorro,_New_Mexico",34.06167,-106.89944,TRUE,
Very Long Baseline Array,/wiki/Very_Long_Baseline_Array,34.07883,-107.61831,FALSE,Radio
Vienna Observatory,/wiki/Vienna_Observatory,48.2318833,16.3337472,FALSE,Visible
Vilnius University Observatory,/wiki/Vilnius_University_Observatory,54.683111,25.2865,FALSE,Visible
Vilnius University,/wiki/Vilnius_University,54.6825,25.28722,TRUE,
Lithuania,/wiki/Lithuania,54.683,25.317,FALSE,Visible
Višnjan Observatory,/wiki/Vi%C5%A1njan_Observatory,45.2775,13.72611,FALSE,Visible
Višnjan,/wiki/Vi%C5%A1njan,45.2775,13.72611,TRUE,
Vsetín Observatory,/wiki/Observatory_Vset%C3%ADn,49.34425,17.9962806,FALSE,Visible
Williams Observatory,/wiki/Williams_Observatory,35.24415,-81.67095,FALSE,Visible
Warner Observatory,/wiki/Warner_Observatory,43.15361,-77.59,FALSE,Visible
Warner and Swasey Observatory,/wiki/Warner_and_Swasey_Observatory,41.53611,-81.568472,FALSE,Visible
Warren Rupp Observatory,/wiki/Warren_Rupp_Observatory,40.6378,-82.4364,FALSE,Visible
Washburn Observatory,/wiki/Washburn_Observatory,43.0764667,-89.4089,FALSE,Visible
Weaver Student Observatory,/wiki/Weaver_Student_Observatory,36.66167,-121.80833,FALSE,Visible
Weitkamp Observatory,/wiki/Weitkamp_Observatory,40.125746,-82.9372662,FALSE,Visible
West Mountain Observatory,/wiki/West_Mountain_Observatory,40.08741,-111.82604,FALSE,Visible
West Mountain (Utah),/wiki/West_Mountain_(Utah),40.05541007,-111.8295097,TRUE,
Whitin Observatory,/wiki/Whitin_Observatory,42.295,-71.303,FALSE,Visible
Widener University Observatory,/wiki/Widener_University_Observatory,39.86222,-75.35833,FALSE,Visible
"Chester, Pennsylvania","/wiki/Chester,_Pennsylvania",39.84722,-75.37278,FALSE,Visible
Wilder Observatory,/wiki/Wilder_Observatory,42.36575,-72.52417,FALSE,Visible
Willard L. Eccles Observatory,/wiki/Willard_L._Eccles_Observatory,38.5217,-113.2863,FALSE,Visible
William Brydone Jack Observatory,/wiki/William_Brydone_Jack_Observatory,45.94806,-66.64056,FALSE,Visible
Williams Observatory,/wiki/Williams_Observatory,35.24415,-81.67095,FALSE,Visible
Winer Observatory,/wiki/Winer_Observatory,31.6655778,-110.6017833,FALSE,Visible
Winfree Observatory,/wiki/Winfree_Observatory,37.439556,-79.173111,FALSE,Visible
Wise Observatory,/wiki/Wise_Observatory,30.59583,34.76333,FALSE,Visible
Witte Observatory,/wiki/Witte_Observatory,40.9552,-91.2219,FALSE,Visible
WIYN Observatory,/wiki/WIYN_Observatory,31.9575,-111.601,FALSE,Visible
Kitt Peak,/wiki/Kitt_Peak,31.96491923,-111.5992791,FALSE,Visible
Wyoming Infrared Observatory,/wiki/Wyoming_Infrared_Observatory,41.097,-105.977,FALSE,Visible
Xinglong Station (NAOC),/wiki/Xinglong_Station_(NAOC),40.39417,117.575,FALSE,Visible
Xinjiang Astronomical Observatory,/wiki/Xinjiang_Astronomical_Observatory,43.47,87.18,FALSE,Visible
Urumqi,/wiki/Urumqi,43.825,87.6,TRUE,
,/wiki/File:Yerkes_40_inch_Refractor_Telescope-2006.jpg,42.57028,-88.55611,TRUE,
,/wiki/File:Yerkes_40_inch_Refractor_Telescope-2006.jpg,42.57028,-88.55611,TRUE,
Yerkes Observatory,/wiki/Yerkes_Observatory,42.57027778,-88.55611111,FALSE,Visible
Yale Student Observatory,/wiki/Yale_Student_Observatory,41.321,-72.922,FALSE,Visible
Yangbajing,/wiki/Yangbajing,30.083,90.55,TRUE,
Yantra Mandir,/wiki/Yantra_Mandir_(Delhi),28.624,77.215938,TRUE,
New Delhi,/wiki/New_Delhi,28.61389,77.20889,TRUE,
Delhi,/wiki/Delhi,28.61,77.23,TRUE,
Yerkes Observatory,/wiki/Yerkes_Observatory,42.57027778,-88.55611111,FALSE,Visible
"Williams Bay, Wisconsin","/wiki/Williams_Bay,_Wisconsin",42.57417,-88.54361,TRUE,
York University Observatory,/wiki/York_University_Observatory,43.7739,-79.5073,FALSE,Visible
Yuba City Astronomical Observatory,/wiki/Yuba_City_Astronomical_Observatory,39.11465,-121.634125,FALSE,Visible
"Yuba City, California","/wiki/Yuba_City,_California",39.13472,-121.62611,TRUE,
Yunnan Astronomical Observatory,/wiki/Yunnan_Astronomical_Observatory,25.033,102.783,FALSE,Visible
Kunming,/wiki/Kunming,25.067,102.683,TRUE,
Yunnan,/wiki/Yunnan,25.05,101.867,TRUE,
Zimmerwald Observatory,/wiki/Zimmerwald_Observatory,46.87667,7.465,FALSE,Visible
Zimmerwald,/wiki/Zimmerwald,46.883,7.467,TRUE,
